id,label,source,score
Q38903,Universal Music Group,Q38903,278.805
Q56760250,Sony Music,Q56760250,160.995
Q55965015,EMI,Q55965015,8.705000000000002
Q67688963,Kabad Music Group,Q67688963,2.14
Q56826329,Sony BMG Music Entertainment,Q56826329,2.075
Q25831392,DurBel Music Group,Q25831392,1.7599999999999998
Q106430524,"Sadoc Vazkez Music Records, Inc.",Q106430524,1.4400000000000002
Q56868113,BMG Hungary,Q56868113,0.585
