id,label,source,score
Q3224,New South Wales,Q3224,687.9100000000001
Q36074,Queensland,Q36074,590.335
Q3206,Western Australia,Q3206,430.045
Q35715,South Australia,Q35715,380.7750000000001
Q34366,Tasmania,Q34366,334.53999999999996
Q36687,Victoria,Q36687,296.38500000000005
