id,label,source,score
Q7895348,University of Dublin,Q7895348,168.57
Q7048605,Nominated members of Seanad Éireann,Q7048605,83.13
Q6979248,National University of Ireland,Q6979248,75.125
Q4693912,Agricultural Panel,Q4693912,62.300000000000004
Q6467443,Labour Panel,Q6467443,56.934999999999995
Q17087286,Industrial and Commercial Panel,Q17087286,56.754999999999995
Q4683477,Administrative Panel,Q4683477,47.915
Q5193254,Cultural and Educational Panel,Q5193254,42.49
