id,label,source,score
Q119571713,Alam Sutera,Q119571713,4.499999999999999
Q2516913,Meester Cornelis,Q2516913,0.9300000000000002
