id,label,source,score
Q1135665,Sé,Q1135665,56.620000000000005
Q1186974,Nossa Senhora de Fátima,Q1186974,46.4
Q1362196,Cotai,Q1362196,20.865000000000002
Q1186688,Santo António,Q1186688,19.5
Q1135657,São Lázaro,Q1135657,14.575000000000001
Q1135724,São Lourenço,Q1135724,13.895
Q3087391,Freguesia de Nossa Senhora do Carmo,Q3087391,11.555
Q3087388,Freguesia de São Francisco Xavier,Q3087388,0.86
