id,label,source,score
Q185700,Vitebsk Region,Q185700,52.42000000000001
Q173822,Brest Region,Q173822,42.2
Q191061,Grodno Region,Q191061,41.169999999999995
Q192959,Minsk Region,Q192959,33.74
Q188732,Gomel Region,Q188732,32.43
Q189822,Mogilev Region,Q189822,31.314999999999998
