id,label,source,score
Q201149,Fife,Q201149,217.32
Q208279,Highland,Q208279,150.89000000000001
Q126514,Dumfries and Galloway,Q126514,137.135
Q211113,Scottish Borders,Q211113,118.48
Q642024,Lothian,Q642024,58.595000000000006
Q124661,Strathclyde,Q124661,43.505
Q633294,Tayside,Q633294,21.205
Q1053979,Central Region,Q1053979,17.695000000000004
Q1542364,Grampian,Q1542364,16.84
