id,label,source,score
Q222052,center,Q222052,250.98
Q212413,point guard,Q212413,142.85999999999999
Q273199,shooting guard,Q273199,130.26500000000001
Q462471,power forward,Q462471,120.96500000000002
Q308879,small forward,Q308879,110.755
Q2302133,swingman,Q2302133,70.235
Q1439280,forward-center,Q1439280,46.79
Q17121788,slasher,Q17121788,20.285
Q1607137,point forward,Q1607137,13.475000000000001
Q1113709,combo guard,Q1113709,11.540000000000001
