id,label,source,score
Q1904,Ontario,Q1904,954.4850000000002
Q176,Quebec,Q176,828.6650000000002
Q1973,British Columbia,Q1973,759.7050000000002
Q1951,Alberta,Q1951,547.8000000000001
Q1948,Manitoba,Q1948,506.86000000000007
Q2003,Newfoundland and Labrador,Q2003,461.01000000000005
Q1952,Nova Scotia,Q1952,418.40500000000003
Q1989,Saskatchewan,Q1989,385.81000000000006
Q1965,New Brunswick,Q1965,292.075
Q1978,Prince Edward Island,Q1978,220.75
