id,label,source,score
Q752,Groningen,Q752,104.50999999999999
Q770,Friesland,Q770,100.95
Q1101,North Brabant,Q1101,99.04
Q1093,Limburg,Q1093,94.29500000000002
Q694,South Holland,Q694,90.095
Q701,North Holland,Q701,86.64
Q775,Gelderland,Q775,67.95
Q705,Zeeland,Q705,65.39500000000001
Q772,Drenthe,Q772,63.035
Q773,Overijssel,Q773,55.2
Q776,Utrecht,Q776,47.89
Q707,Flevoland,Q707,34.24
