id,label,source,score
Q179029,Sabah,Q179029,373.37
Q170462,Sarawak,Q170462,319.245
Q188953,Perak,Q188953,279.915
Q188096,Penang,Q188096,276.035
Q183032,Johor,Q183032,270.555
Q191346,Pahang,Q191346,233.835
Q189710,Selangor,Q189710,202.76
Q185221,Malacca,Q185221,184.94
Q213893,Negeri Sembilan,Q213893,120.77499999999998
Q188947,Kedah,Q188947,109.93
Q189701,Terengganu,Q189701,104.54500000000002
Q185944,Kelantan,Q185944,102.90500000000003
Q213467,Perlis,Q213467,56.31
