id,label,source,score
Q543457,forward,Q543457,193.02500000000003
Q2304909,defenseman,Q2304909,173.21000000000004
Q1317534,goaltender,Q1317534,144.835
Q2827965,winger,Q2827965,120.29500000000002
Q2583758,centre,Q2583758,81.53000000000002
Q117078,power forward,Q117078,36.04
Q166104,enforcer,Q166104,11.524999999999999
Q693982,rover,Q693982,5.1000000000000005
Q18450005,left winger,Q18450005,1.17
Q18451027,right winger,Q18451027,1.1500000000000001
